{"initial_reset_timestamp": 1653399999.2658012, "timestamps": [1653399999.951072, 1653400001.0153732, 1653400001.8502257, 1653400002.606005, 1653400003.4136982, 1653400004.8875613, 1653400006.2064855, 1653400007.630693, 1653400008.6242278, 1653400009.6682937, 1653400010.5995946, 1653400011.4213285, 1653400012.2211952, 1653400013.2886245, 1653400014.408801, 1653400015.4565663, 1653400016.5692265, 1653400017.7478445, 1653400018.7290287, 1653400019.5315611, 1653400020.3536847, 1653400021.5329251, 1653400022.3244703, 1653400024.5769145, 1653400025.9675896, 1653400026.8413048, 1653400027.9413152, 1653400029.4184015, 1653400030.8793802, 1653400032.1265616, 1653400033.6875606, 1653400034.298805, 1653400035.685417, 1653400037.6412988, 1653400038.6003249, 1653400039.4356713, 1653400040.7981493, 1653400041.99873, 1653400043.078083, 1653400045.1276476, 1653400046.0901425, 1653400046.9935117, 1653400048.0901809, 1653400048.7896667, 1653400049.8000386, 1653400050.808931, 1653400052.2746818, 1653400053.5960443, 1653400054.746944, 1653400055.7922611, 1653400057.0495842, 1653400058.8847828, 1653400060.151682, 1653400061.5678108, 1653400062.7777033, 1653400064.0670054, 1653400065.9008784, 1653400068.1853895, 1653400070.3893604, 1653400071.4093282, 1653400072.233018, 1653400073.283843, 1653400074.3779876, 1653400075.483753, 1653400076.9071152, 1653400078.0382686, 1653400079.0137022, 1653400080.1976347, 1653400081.166046, 1653400082.236389, 1653400083.409986, 1653400084.5155513, 1653400085.743111, 1653400086.9415164, 1653400088.1324775, 1653400089.3504956, 1653400090.504956, 1653400091.40767, 1653400092.4822915, 1653400093.5989776, 1653400094.8095725, 1653400095.9929605, 1653400096.9855561, 1653400097.8779716, 1653400098.700561, 1653400099.946787, 1653400100.598323, 1653400101.82493, 1653400102.8282623, 1653400104.0824633], "episode_lengths": [484, 593, 542, 463, 486, 886, 810, 859, 633, 619, 543, 498, 525, 682, 695, 637, 712, 734, 637, 498, 557, 727, 515, 1355, 863, 547, 664, 816, 718, 787, 964, 391, 799, 1168, 617, 524, 831, 722, 587, 625, 579, 566, 687, 466, 659, 652, 903, 754, 734, 654, 800, 1143, 764, 908, 742, 833, 665, 660, 708, 650, 512, 663, 704, 687, 865, 677, 587, 719, 605, 687, 688, 693, 757, 704, 731, 757, 729, 569, 688, 692, 741, 724, 598, 566, 524, 803, 434, 756, 626, 780], "episode_rewards": [260.0, 330.0, 210.0, 160.0, 250.0, 640.0, 480.0, 700.0, 270.0, 350.0, 250.0, 240.0, 270.0, 310.0, 430.0, 360.0, 300.0, 320.0, 440.0, 270.0, 310.0, 420.0, 210.0, 530.0, 760.0, 300.0, 360.0, 480.0, 360.0, 460.0, 480.0, 140.0, 440.0, 750.0, 370.0, 220.0, 600.0, 400.0, 240.0, 380.0, 360.0, 210.0, 370.0, 240.0, 450.0, 290.0, 550.0, 1160.0, 250.0, 410.0, 340.0, 770.0, 420.0, 840.0, 410.0, 490.0, 540.0, 320.0, 480.0, 340.0, 210.0, 290.0, 420.0, 510.0, 460.0, 300.0, 260.0, 300.0, 240.0, 380.0, 480.0, 420.0, 390.0, 260.0, 310.0, 510.0, 740.0, 230.0, 460.0, 300.0, 370.0, 310.0, 200.0, 330.0, 280.0, 410.0, 310.0, 530.0, 450.0, 1010.0], "episode_types": ["t", "t", "t", "t", "t", "t", "t", "t", "t", "t", "t", "t", "t", "t", "t", "t", "t", "t", "t", "t", "t", "t", "t", "t", "t", "t", "t", "t", "t", "t", "t", "t", "t", "t", "t", "t", "t", "t", "t", "t", "t", "t", "t", "t", "t", "t", "t", "t", "t", "t", "t", "t", "t", "t", "t", "t", "t", "t", "t", "t", "t", "t", "t", "t", "t", "t", "t", "t", "t", "t", "t", "t", "t", "t", "t", "t", "t", "t", "t", "t", "t", "t", "t", "t", "t", "t", "t", "t", "t", "t", "t"]}